Workbook

Sheet Thang 12
A1: BẢO HIỂM XÃ HỘI KHU VỰC XXXII | R1: CỘNG HÒA XÃ HỘI CHỦ NGHĨA VIỆT NAM
A2: BẢO HIỂM XÃ HỘI LIÊN HUYỆN | R2: Độc lập - Tự do - Hạnh phúc
A3: CÁI NƯỚC - ĐẦM DƠI
A5: BẢNG TỔNG HỢP SỐ NGƯỜI THAM GIA BHXH, BHTN, BHYT ĐẾN 31/12/2025
A6: (Theo Quyết định số 358/QĐ-UBND ngày 19/02/2025 của UBND huyện Cái Nước về việc giao chỉ tiêu BHYT, BHXH, BHTN năm 2025)
AK7: Đơn vị tính: Người.
A8: STT | B8: Đơn vị | C8: Tỷ lệ bao phủ BHYT | H8: Bảo hiểm y tế (số quản lý thu) | N8: Bảo hiểm xã hội bắt buộc | V8: Bảo hiểm thất nghiệp | AD8: Bảo hiểm xã hội tự nguyện | AK8: Ghi chú
C9: Dân số theo Thống kê tỉnh Cà Mau | D9: Tháng 12 (bao gồm tham gia ngoại tỉnh) | E9: Tỷ lệ đạt (%) | F9: Tháng 12 (không bao gồm tham gia ngoại tỉnh) | G9: Tỷ lệ đạt (%) | H9: Tháng 9/2025 | I9: Tháng 10/2025 | J9: Tháng 11/2025 | K9: Tháng 12/2025 | L9: So với tháng trước | M9: Kế hoạch | N9: Tháng 9/2025 | O9: Tháng 10/2025 | P9: Tháng 11/2025 | Q9: Tháng 12/2025 | R9: So với tháng trước | S9: Số còn phải thực hiện | T9: Tỷ lệ đạt (%) | U9: Kế hoạch | V9: Tháng 9/2025 | W9: Tháng 10/2025 | X9: Tháng 11/2025 | Y9: Tháng 12/2025 | Z9: So với tháng trước | AA9: Số còn phải thực hiện | AB9: Tỷ lệ đạt (%) | AC9: Kế hoạch | AD9: Tháng 9/2025 | AE9: Tháng 10/2025 | AF9: Tháng 11/2025 | AG9: Tháng 12/2025 | AH9: So với tháng trước | AI9: Số còn phải thực hiện | AJ9: Tỷ lệ đạt (%)
A10: 1 | B10: Xã Cái Nước | C10: 39212 | D10: 39212 | E10: =D10/C10*100 -> 100 | F10: 38304 | G10: =F10/C10*100 -> 97.684382 | N10: 1637 | O10: 1644 | P10: 1651 | Q10: 1652 | R10: =Q10-P10 -> 1 | V10: 1449 | W10: 1435 | X10: 1457 | Y10: 1445 | Z10: =Y10-X10 -> -12 | AD10: 1318 | AE10: =1290+19 -> 1309 | AF10: =1184+41+87 -> 1312 | AG10: 1670 | AH10: =AG10-AF10 -> 358
A11: 2 | B11: Xã Hưng Mỹ | C11: 29794 | D11: 29794 | E11: =D11/C11*100 -> 100 | F11: 29794 | G11: =F11/C11*100 -> 100 | N11: 418 | O11: 443 | P11: 442 | Q11: 487 | R11: =Q11-P11 -> 45 | V11: 328 | W11: 353 | X11: 352 | Y11: 350 | Z11: =Y11-X11 -> -2 | AD11: 739 | AE11: =696+18 -> 714 | AF11: =623+34+87 -> 744 | AG11: 590 | AH11: =AG11-AF11 -> -154
A12: 3 | B12: Xã Tân Hưng | C12: 25653 | D12: 25290 | E12: =D12/C12*100 -> 98.584961 | F12: 21735 | G12: =F12/C12*100 -> 84.726933 | N12: 513 | O12: 534 | P12: 538 | Q12: 539 | R12: =Q12-P12 -> 1 | V12: 371 | W12: 398 | X12: 399 | Y12: 397 | Z12: =Y12-X12 -> -2 | AD12: 706 | AE12: =677+18 -> 695 | AF12: =680+37+87 -> 804 | AG12: 816 | AH12: =AG12-AF12 -> 12
A13: 4 | B13: Xã Lương Thế Trân | C13: 51522 | D13: 51522 | E13: =D13/C13*100 -> 100 | F13: 49373 | G13: =F13/C13*100 -> 95.828966 | N13: 1068 | O13: 1098 | P13: 1097 | Q13: 1101 | R13: =Q13-P13 -> 4 | V13: 873 | W13: 898 | X13: 897 | Y13: 910 | Z13: =Y13-X13 -> 13 | AD13: 920 | AE13: =872+18 -> 890 | AF13: =833+117+87 -> 1037 | AG13: 1451 | AH13: =AG13-AF13 -> 414
A14: 5 | B14: Xã Cái Đôi Vàm | C14: 27655 | D14: 27655 | E14: =D14/C14*100 -> 100 | F14: 27655 | G14: =F14/C14*100 -> 100 | N14: 664 | O14: 1007 | P14: 1013 | Q14: 1008 | R14: =Q14-P14 -> -5 | V14: 599 | W14: 910 | X14: 919 | Y14: 914 | Z14: =Y14-X14 -> -5 | AD14: 795 | AE14: 791 | AF14: =789+87 -> 876 | AG14: 1007 | AH14: =AG14-AF14 -> 131
A15: 6 | B15: Xã Nguyễn Việt Khái | C15: 28864 | D15: 28319 | E15: =D15/C15*100 -> 98.111835 | F15: 25491 | G15: =F15/C15*100 -> 88.314163 | N15: 452 | O15: 436 | P15: 464 | Q15: 464 | R15: =Q15-P15 -> 0 | V15: 364 | W15: 374 | X15: 385 | Y15: 372 | Z15: =Y15-X15 -> -13 | AD15: 691 | AE15: =663+13+17 -> 693 | AF15: =690+25 -> 715 | AG15: 980 | AH15: =AG15-AF15 -> 265
A16: 7 | B16: Xã Phú Tân | C16: 24621 | D16: 24192 | E16: =D16/C16*100 -> 98.257585 | F16: 20403 | G16: =F16/C16*100 -> 82.868283 | N16: 409 | O16: 463 | P16: 461 | Q16: 461 | R16: =Q16-P16 -> 0 | V16: 342 | W16: 381 | X16: 384 | Y16: 383 | Z16: =Y16-X16 -> -1 | AD16: 419 | AE16: =410+15 -> 425 | AF16: =816+129 -> 945 | AG16: 1040 | AH16: =AG16-AF16 -> 95
A17: Tổng cộng | C17: =SUM(C10:C16) -> 227321 | D17: =SUM(D10:D16) -> 225984 | E17: =D17/C17*100 -> 99.411845 | F17: =SUM(F10:F16) -> 212755 | G17: =F17/C17*100 -> 93.592321 | H17: 159737 | I17: 169171 | J17: 165192 | K17: 198269 | L17: =K17-J17 -> 33077 | M17: 5610 | N17: =SUM(N10:N16) -> 5161 | O17: =SUM(O10:O16) -> 5625 | P17: =SUM(P10:P16) -> 5666 | Q17: =SUM(Q10:Q16) -> 5712 | R17: =Q17-P17 -> 46 | S17: =M17-P17 -> -56 | T17: =Q17/M17*100 -> 101.81818 | U17: 4793 | V17: =SUM(V10:V16) -> 4326 | W17: =SUM(W10:W16) -> 4749 | X17: =SUM(X10:X16) -> 4793 | Y17: =SUM(Y10:Y16) -> 4771 | Z17: =Y17-X17 -> -22 | AA17: =U17-X17 -> 0 | AB17: =Y17/U17*100 -> 99.540997 | AC17: 7709 | AD17: =SUM(AD10:AD16) -> 5588 | AE17: =SUM(AE10:AE16) -> 5517 | AF17: =SUM(AF10:AF16) -> 6433 | AG17: =SUM(AG10:AG16) -> 7554 | AH17: =AG17-AF17 -> 1121 | AI17: =AC17-AF17 -> 1276 | AJ17: =AG17/AC17*100 -> 97.989363
B19: *Ghi chú: - Dân số do Cục Thống kê cung cấp.
AD20: Cái Nước, ngày 02 tháng 12 năm 2025
B21: NGƯỜI LẬP BIỂU | AD21: KT. GIÁM ĐỐC
AD22: PHÓ GIÁM ĐỐC
B26: Tô Khánh Duy

Sheet Thang 02
A1: BẢO HIỂM XÃ HỘI TỈNH CÀ MAU | M1: CỘNG HÒA XÃ HỘI CHỦ NGHĨA VIỆT NAM
A2: BẢO HIỂM XÃ HỘI CƠ SỞ CÁI NƯỚC | M2: Độc lập - Tự do - Hạnh phúc
A5: BẢNG TỔNG HỢP SỐ NGƯỜI THAM GIA BHXH, BHTN, BHYT ĐẾN 31/02/2026
Z7: Đơn vị tính: Người.
A8: STT | B8: Đơn vị | C8: Tỷ lệ bao phủ BHYT | G8: Bảo hiểm y tế (số quản lý thu) | K8: Bảo hiểm xã hội bắt buộc | P8: Bảo hiểm thất nghiệp | U8: Bảo hiểm xã hội tự nguyện | Z8: Ghi chú
C9: Dân số theo Thống kê tỉnh Cà Mau | D9: Tháng 3/2026 | E9: Tỷ lệ đạt (%) | G9: Kế hoạch | H9: Tháng 3/2026 | I9: Số còn phải thực hiện | J9: Tỷ lệ đạt (%) | K9: Kế hoạch | L9: Tháng 3/2026 | M9: So với tháng trước | N9: Số còn phải thực hiện | O9: Tỷ lệ đạt (%) | P9: Kế hoạch | Q9: Tháng 3/2026 | R9: So với tháng trước | S9: Số còn phải thực hiện | T9: Tỷ lệ đạt (%) | U9: Kế hoạch | V9: Tháng 3/2026 | W9: So với tháng trước | X9: Số còn phải thực hiện | Y9: Tỷ lệ đạt (%)
A10: 1 | B10: Xã Cái Nước | C10: 39212 | D10: 39212 | E10: =D10/C10*100 -> 100 | L10: 1585 | M10: =L10-#REF! -> #REF! | N10: =K10-L10 -> -1585 | O10: =L10/K10*100 -> #DIV/0! | Q10: 1397 | R10: =Q10-#REF! -> #REF! | V10: 1612 | W10: =V10-#REF! -> #REF! | X10: =U10-V10 -> -1612 | Y10: =V10/U10*100 -> #DIV/0!
A11: 2 | B11: Xã Hưng Mỹ | C11: 29794 | D11: 29794 | E11: =D11/C11*100 -> 100 | L11: 511 | M11: =L11-#REF! -> #REF! | N11: =K11-L11 -> -511 | O11: =L11/K11*100 -> #DIV/0! | Q11: 379 | R11: =Q11-#REF! -> #REF! | V11: 567 | W11: =V11-#REF! -> #REF! | X11: =U11-V11 -> -567 | Y11: =V11/U11*100 -> #DIV/0!
A12: 3 | B12: Xã Tân Hưng | C12: 25653 | D12: 25653 | E12: =D12/C12*100 -> 100 | L12: 544 | M12: =L12-#REF! -> #REF! | N12: =K12-L12 -> -544 | O12: =L12/K12*100 -> #DIV/0! | Q12: 417 | R12: =Q12-#REF! -> #REF! | V12: 744 | W12: =V12-#REF! -> #REF! | X12: =U12-V12 -> -744 | Y12: =V12/U12*100 -> #DIV/0!
A13: 4 | B13: Xã Lương Thế Trân | C13: 51522 | D13: 51522 | E13: =D13/C13*100 -> 100 | L13: 1139 | M13: =L13-#REF! -> #REF! | N13: =K13-L13 -> -1139 | O13: =L13/K13*100 -> #DIV/0! | Q13: 956 | R13: =Q13-#REF! -> #REF! | V13: 1502 | W13: =V13-#REF! -> #REF! | X13: =U13-V13 -> -1502 | Y13: =V13/U13*100 -> #DIV/0!
A14: 5 | B14: Xã Cái Đôi Vàm | C14: 27655 | D14: 27655 | E14: =D14/C14*100 -> 100 | L14: 996 | M14: =L14-#REF! -> #REF! | N14: =K14-L14 -> -996 | O14: =L14/K14*100 -> #DIV/0! | Q14: 838 | R14: =Q14-#REF! -> #REF! | V14: 979 | W14: =V14-#REF! -> #REF! | X14: =U14-V14 -> -979 | Y14: =V14/U14*100 -> #DIV/0!
A15: 6 | B15: Xã Nguyễn Việt Khái | C15: 28864 | D15: 28864 | E15: =D15/C15*100 -> 100 | L15: 549 | M15: =L15-#REF! -> #REF! | N15: =K15-L15 -> -549 | O15: =L15/K15*100 -> #DIV/0! | Q15: 398 | R15: =Q15-#REF! -> #REF! | V15: 906 | W15: =V15-#REF! -> #REF! | X15: =U15-V15 -> -906 | Y15: =V15/U15*100 -> #DIV/0!
A16: 7 | B16: Xã Phú Tân | C16: 24621 | D16: 23632 | E16: =D16/C16*100 -> 95.983104 | L16: 542 | M16: =L16-#REF! -> #REF! | N16: =K16-L16 -> -542 | O16: =L16/K16*100 -> #DIV/0! | Q16: 414 | R16: =Q16-#REF! -> #REF! | V16: 844 | W16: =V16-#REF! -> #REF! | X16: =U16-V16 -> -844 | Y16: =V16/U16*100 -> #DIV/0!
A17: Tổng cộng | C17: =SUM(C10:C16) -> 227321 | D17: =SUM(D10:D16) -> 226332 | E17: =D17/C17*100 -> 99.564932 | G17: 207924 | H17: =G17-#REF! -> #REF! | K17: =SUM(K10:K16) -> 0 | L17: =SUM(L10:L16) -> 5866 | M17: =L17-#REF! -> #REF! | N17: =SUM(N10:N16) -> -5866 | O17: =L17/K17*100 -> #DIV/0! | P17: =SUM(P10:P16) -> 0 | Q17: =SUM(Q10:Q16) -> 4799 | R17: =SUM(R10:R16) -> #REF! | S17: =SUM(S10:S16) -> 0 | T17: =Q17/P17*100 -> #DIV/0! | U17: =SUM(U10:U16) -> 0 | V17: =SUM(V10:V16) -> 7154 | W17: =V17-#REF! -> #REF! | X17: =SUM(X10:X16) -> -7154 | Y17: =V17/U17*100 -> #DIV/0!
B19: *Ghi chú: - Dân số do Cục Thống kê cung cấp.
B21: NGƯỜI LẬP BIỂU
B26: Tô Khánh Duy

Sheet Thang 3
A1: BẢO HIỂM XÃ HỘI TỈNH CÀ MAU | O1: CỘNG HÒA XÃ HỘI CHỦ NGHĨA VIỆT NAM
A2: BẢO HIỂM XÃ HỘI CƠ SỞ CÁI NƯỚC | O2: Độc lập - Tự do - Hạnh phúc
A5: BẢNG TỔNG HỢP SỐ NGƯỜI THAM GIA BHXH, BHTN, BHYT ĐẾN 31/02/2026
AL7: Đơn vị tính: Người.
A8: STT | B8: Đơn vị | C8: Tỷ lệ bao phủ BHYT | G8: Bảo hiểm y tế (số quản lý thu) | K8: Bảo hiểm xã hội bắt buộc | T8: Bảo hiểm thất nghiệp | AC8: Bảo hiểm xã hội tự nguyện | AL8: Ghi chú
C9: Dân số theo Thống kê tỉnh Cà Mau | D9: Tháng 3/2026 | E9: Tỷ lệ đạt (%) | G9: Kế hoạch | H9: Tháng 3/2026 | I9: Số còn phải thực hiện | J9: Tỷ lệ đạt (%) | K9: Kế hoạch | L9: Tháng 12/2025 | M9: Tháng 02/2026 | N9: Tháng 3/2026 | O9: So với tháng trước | P9: So với tháng trước | Q9: So với cuối năm 2025 | R9: Số còn phải thực hiện | S9: Tỷ lệ đạt (%) | T9: Kế hoạch | U9: Tháng 12/2025 | V9: Tháng 02/2026 | W9: Tháng 3/2026 | X9: So với tháng trước | Y9: So với tháng trước | Z9: So với cuối năm 2025 | AA9: Số còn phải thực hiện | AB9: Tỷ lệ đạt (%) | AC9: Kế hoạch | AD9: Tháng 12/2025 | AE9: Tháng 02/2026 | AF9: Tháng 3/2026 | AG9: So với tháng trước | AH9: So với tháng trước | AI9: So với cuối năm 2025 | AJ9: Số còn phải thực hiện | AK9: Tỷ lệ đạt (%)
A10: 1 | B10: Xã Cái Nước | C10: 39212 | D10: 39212 | E10: =D10/C10*100 -> 100 | L10: 1652 | M10: 1591 | N10: 1585 | O10: =N10-#REF! -> #REF! | P10: =N10-M10 -> -6 | Q10: =N10-L10 -> -67 | R10: =K10-N10 -> -1585 | S10: =N10/K10*100 -> #DIV/0! | U10: 1445 | V10: 1395 | W10: 1397 | X10: =W10-#REF! -> #REF! | Y10: =W10-V10 -> 2 | Z10: =W10-U10 -> -48 | AD10: 1670 | AE10: 1612 | AF10: 1637 | AG10: =AF10-#REF! -> #REF! | AH10: =AF10-AE10 -> 25 | AI10: =AF10-AD10 -> -33 | AJ10: =AC10-AF10 -> -1637 | AK10: =AF10/AC10*100 -> #DIV/0!
A11: 2 | B11: Xã Hưng Mỹ | C11: 29794 | D11: 29794 | E11: =D11/C11*100 -> 100 | L11: 487 | M11: 510 | N11: 511 | O11: =N11-#REF! -> #REF! | P11: =N11-M11 -> 1 | Q11: =N11-L11 -> 24 | R11: =K11-N11 -> -511 | S11: =N11/K11*100 -> #DIV/0! | U11: 350 | V11: 376 | W11: 379 | X11: =W11-#REF! -> #REF! | Y11: =W11-V11 -> 3 | Z11: =W11-U11 -> 29 | AD11: 590 | AE11: 567 | AF11: 579 | AG11: =AF11-#REF! -> #REF! | AH11: =AF11-AE11 -> 12 | AI11: =AF11-AD11 -> -11 | AJ11: =AC11-AF11 -> -579 | AK11: =AF11/AC11*100 -> #DIV/0!
A12: 3 | B12: Xã Tân Hưng | C12: 25653 | D12: 25653 | E12: =D12/C12*100 -> 100 | L12: 539 | M12: 543 | N12: 544 | O12: =N12-#REF! -> #REF! | P12: =N12-M12 -> 1 | Q12: =N12-L12 -> 5 | R12: =K12-N12 -> -544 | S12: =N12/K12*100 -> #DIV/0! | U12: 397 | V12: 418 | W12: 417 | X12: =W12-#REF! -> #REF! | Y12: =W12-V12 -> -1 | Z12: =W12-U12 -> 20 | AD12: 816 | AE12: 744 | AF12: 763 | AG12: =AF12-#REF! -> #REF! | AH12: =AF12-AE12 -> 19 | AI12: =AF12-AD12 -> -53 | AJ12: =AC12-AF12 -> -763 | AK12: =AF12/AC12*100 -> #DIV/0!
A13: 4 | B13: Xã Lương Thế Trân | C13: 51522 | D13: 51522 | E13: =D13/C13*100 -> 100 | L13: 1101 | M13: 1134 | N13: 1139 | O13: =N13-#REF! -> #REF! | P13: =N13-M13 -> 5 | Q13: =N13-L13 -> 38 | R13: =K13-N13 -> -1139 | S13: =N13/K13*100 -> #DIV/0! | U13: 910 | V13: 951 | W13: 956 | X13: =W13-#REF! -> #REF! | Y13: =W13-V13 -> 5 | Z13: =W13-U13 -> 46 | AD13: 1451 | AE13: 1502 | AF13: 1492 | AG13: =AF13-#REF! -> #REF! | AH13: =AF13-AE13 -> -10 | AI13: =AF13-AD13 -> 41 | AJ13: =AC13-AF13 -> -1492 | AK13: =AF13/AC13*100 -> #DIV/0!
A14: 5 | B14: Xã Cái Đôi Vàm | C14: 27655 | D14: 27655 | E14: =D14/C14*100 -> 100 | L14: 1008 | M14: 956 | N14: 996 | O14: =N14-#REF! -> #REF! | P14: =N14-M14 -> 40 | Q14: =N14-L14 -> -12 | R14: =K14-N14 -> -996 | S14: =N14/K14*100 -> #DIV/0! | U14: 914 | V14: 864 | W14: 865 | X14: =W14-#REF! -> #REF! | Y14: =W14-V14 -> 1 | Z14: =W14-U14 -> -49 | AD14: 1007 | AE14: 979 | AF14: 964 | AG14: =AF14-#REF! -> #REF! | AH14: =AF14-AE14 -> -15 | AI14: =AF14-AD14 -> -43 | AJ14: =AC14-AF14 -> -964 | AK14: =AF14/AC14*100 -> #DIV/0!
A15: 6 | B15: Xã Nguyễn Việt Khái | C15: 28864 | D15: 28864 | E15: =D15/C15*100 -> 100 | L15: 464 | M15: 534 | N15: 549 | O15: =N15-#REF! -> #REF! | P15: =N15-M15 -> 15 | Q15: =N15-L15 -> 85 | R15: =K15-N15 -> -549 | S15: =N15/K15*100 -> #DIV/0! | U15: 372 | V15: 391 | W15: 398 | X15: =W15-#REF! -> #REF! | Y15: =W15-V15 -> 7 | Z15: =W15-U15 -> 26 | AD15: 980 | AE15: 906 | AF15: 894 | AG15: =AF15-#REF! -> #REF! | AH15: =AF15-AE15 -> -12 | AI15: =AF15-AD15 -> -86 | AJ15: =AC15-AF15 -> -894 | AK15: =AF15/AC15*100 -> #DIV/0!
A16: 7 | B16: Xã Phú Tân | C16: 24621 | D16: 23632 | E16: =D16/C16*100 -> 95.983104 | L16: 461 | M16: 486 | N16: 542 | O16: =N16-#REF! -> #REF! | P16: =N16-M16 -> 56 | Q16: =N16-L16 -> 81 | R16: =K16-N16 -> -542 | S16: =N16/K16*100 -> #DIV/0! | U16: 383 | V16: 410 | W16: 414 | X16: =W16-#REF! -> #REF! | Y16: =W16-V16 -> 4 | Z16: =W16-U16 -> 31 | AD16: 1040 | AE16: 844 | AF16: 864 | AG16: =AF16-#REF! -> #REF! | AH16: =AF16-AE16 -> 20 | AI16: =AF16-AD16 -> -176 | AJ16: =AC16-AF16 -> -864 | AK16: =AF16/AC16*100 -> #DIV/0!
A17: Tổng cộng | C17: =SUM(C10:C16) -> 227321 | D17: =SUM(D10:D16) -> 226332 | E17: =D17/C17*100 -> 99.564932 | G17: 207924 | H17: =G17-#REF! -> #REF! | K17: =SUM(K10:K16) -> 0 | L17: =SUM(L10:L16) -> 5712 | M17: =SUM(M10:M16) -> 5754 | N17: =SUM(N10:N16) -> 5866 | O17: =N17-#REF! -> #REF! | P17: =N17-M17 -> 112 | Q17: =N17-L17 -> 154 | R17: =SUM(R10:R16) -> -5866 | S17: =N17/K17*100 -> #DIV/0! | T17: =SUM(T10:T16) -> 0 | U17: =SUM(U10:U16) -> 4771 | V17: =SUM(V10:V16) -> 4805 | W17: =SUM(W10:W16) -> 4826 | X17: =SUM(X10:X16) -> #REF! | Y17: =W17-V17 -> 21 | Z17: =W17-U17 -> 55 | AA17: =SUM(AA10:AA16) -> 0 | AB17: =W17/T17*100 -> #DIV/0! | AC17: =SUM(AC10:AC16) -> 0 | AD17: =SUM(AD10:AD16) -> 7554 | AE17: =SUM(AE10:AE16) -> 7154 | AF17: =SUM(AF10:AF16) -> 7193 | AG17: =AF17-#REF! -> #REF! | AH17: =AF17-AE17 -> 39 | AI17: =AF17-AD17 -> -361 | AJ17: =SUM(AJ10:AJ16) -> -7193 | AK17: =AF17/AC17*100 -> #DIV/0!
B19: *Ghi chú: - Dân số do Cục Thống kê cung cấp.
B21: NGƯỜI LẬP BIỂU
B26: Tô Khánh Duy

Sheet Thang 4
A1: BẢO HIỂM XÃ HỘI TỈNH CÀ MAU
A2: BẢO HIỂM XÃ HỘI CƠ SỞ CÁI NƯỚC
A5: BẢNG TỔNG HỢP SỐ NGƯỜI THAM GIA BHXH, BHTN, BHYT ĐẾN 30/4/2026
X6: Đơn vị tính: Người.
A7: STT | B7: Đơn vị | C7: Tỷ lệ bao phủ BHYT | F7: Bảo hiểm xã hội bắt buộc | L7: Bảo hiểm thất nghiệp | R7: Bảo hiểm xã hội tự nguyện | X7: Ghi chú
C8: Dân số theo Thống kê tỉnh Cà Mau | D8: Tháng 4/2026 | E8: Tỷ lệ đạt (%) | F8: Kế hoạch | G8: Tháng 4/2026 | H8: So với tháng trước | I8: So với cuối năm 2025 | J8: Số còn phải thực hiện | K8: Tỷ lệ đạt (%) | L8: Kế hoạch | M8: Tháng 4/2026 | N8: So với tháng trước | O8: So với cuối năm 2025 | P8: Số còn phải thực hiện | Q8: Tỷ lệ đạt (%) | R8: Kế hoạch | S8: Tháng 4/2026 | T8: So với tháng trước | U8: So với cuối năm 2025 | V8: Số còn phải thực hiện | W8: Tỷ lệ đạt (%)
A9: 1 | B9: Xã Cái Nước | C9: 39379 | D9: 39379 | E9: =D9/C9*100 -> 100 | F9: 1625 | G9: 1565 | H9: =G9-'Thang 3'!N10 -> -20 | I9: =G9-'Thang 12'!Q10 -> -87 | J9: =F9-G9 -> 60 | K9: =G9/F9*100 -> 96.307692 | L9: 1420.25 | M9: 1374 | N9: =M9-'Thang 3'!W10 -> -23 | O9: =M9-'Thang 12'!Y10 -> -71 | P9: =L9-M9 -> 46.25 | Q9: =M9/L9*100 -> 96.743531 | R9: 1862.0797 | S9: 1617 | T9: =S9-'Thang 3'!AF10 -> -20 | U9: =S9-'Thang 12'!AG10 -> -53 | V9: =R9-S9 -> 245.07965 | W9: =S9/R9*100 -> 86.838391 | Y9: =M9+6 -> 1380
A10: 2 | B10: Xã Hưng Mỹ | C10: 29921 | D10: 29921 | E10: =D10/C10*100 -> 100 | F10: 815 | G10: 525 | H10: =G10-'Thang 3'!N11 -> 14 | I10: =G10-'Thang 12'!Q11 -> 38 | J10: =F10-G10 -> 290 | K10: =G10/F10*100 -> 64.417178 | L10: 661.1 | M10: 391 | N10: =M10-'Thang 3'!W11 -> 12 | O10: =M10-'Thang 12'!Y11 -> 41 | P10: =L10-M10 -> 270.1 | Q10: =M10/L10*100 -> 59.143851 | R10: 1297.0754 | S10: 587 | T10: =S10-'Thang 3'!AF11 -> 8 | U10: =S10-'Thang 12'!AG11 -> -3 | V10: =R10-S10 -> 710.07535 | W10: =S10/R10*100 -> 45.255659 | Y10: =M10+6 -> 397
A11: 3 | B11: Xã Tân Hưng | C11: 25763 | D11: 25763 | E11: =D11/C11*100 -> 100 | F11: 652.3 | G11: 570 | H11: =G11-'Thang 3'!N12 -> 26 | I11: =G11-'Thang 12'!Q12 -> 31 | J11: =F11-G11 -> 82.3 | K11: =G11/F11*100 -> 87.383106 | L11: 565.4 | M11: 441 | N11: =M11-'Thang 3'!W12 -> 24 | O11: =M11-'Thang 12'!Y12 -> 44 | P11: =L11-M11 -> 124.4 | Q11: =M11/L11*100 -> 77.997878 | R11: 1116.8261 | S11: 757 | T11: =S11-'Thang 3'!AF12 -> -6 | U11: =S11-'Thang 12'!AG12 -> -59 | V11: =R11-S11 -> 359.82605 | W11: =S11/R11*100 -> 67.78137 | Y11: =M11+6 -> 447
A12: 4 | B12: Xã Lương Thế Trân | C12: 51742 | D12: 51742 | E12: =D12/C12*100 -> 100 | F12: 1151 | G12: =1159-9 -> 1150 | H12: =G12-'Thang 3'!N13 -> 11 | I12: =G12-'Thang 12'!Q13 -> 49 | J12: =F12-G12 -> 1 | K12: =G12/F12*100 -> 99.913119 | L12: 978 | M12: 962 | N12: =M12-'Thang 3'!W13 -> 6 | O12: =M12-'Thang 12'!Y13 -> 52 | P12: =L12-M12 -> 16 | Q12: =M12/L12*100 -> 98.364008 | R12: 2043.0157 | S12: 1479 | T12: =S12-'Thang 3'!AF13 -> -13 | U12: =S12-'Thang 12'!AG13 -> 28 | V12: =R12-S12 -> 564.0157 | W12: =S12/R12*100 -> 72.392983 | Y12: =M12+6 -> 968
A13: 5 | B13: Xã Cái Đôi Vàm | C13: 27773 | D13: 27773 | E13: =D13/C13*100 -> 100 | F13: 1205.6 | G13: 1016 | H13: =G13-'Thang 3'!N14 -> 20 | I13: =G13-'Thang 12'!Q14 -> 8 | J13: =F13-G13 -> 189.6 | K13: =G13/F13*100 -> 84.273391 | L13: 1005.4 | M13: 863 | N13: =M13-'Thang 3'!W14 -> -2 | O13: =M13-'Thang 12'!Y14 -> -51 | P13: =L13-M13 -> 142.4 | Q13: =M13/L13*100 -> 85.836483 | R13: 1203.9596 | S13: 921 | T13: =S13-'Thang 3'!AF14 -> -43 | U13: =S13-'Thang 12'!AG14 -> -86 | V13: =R13-S13 -> 282.95955 | W13: =S13/R13*100 -> 76.497587 | Y13: =M13+6 -> 869
A14: 6 | B14: Xã Nguyễn Việt Khái | C14: 28987 | D14: 28987 | E14: =D14/C14*100 -> 100 | F14: 591 | G14: 551 | H14: =G14-'Thang 3'!N15 -> 2 | I14: =G14-'Thang 12'!Q15 -> 87 | J14: =F14-G14 -> 40 | K14: =G14/F14*100 -> 93.23181 | L14: 446.88 | M14: 410 | N14: =M14-'Thang 3'!W15 -> 12 | O14: =M14-'Thang 12'!Y15 -> 38 | P14: =L14-M14 -> 36.88 | Q14: =M14/L14*100 -> 91.747225 | R14: 1256.5865 | S14: 901 | T14: =S14-'Thang 3'!AF15 -> 7 | U14: =S14-'Thang 12'!AG15 -> -79 | V14: =R14-S14 -> 355.58645 | W14: =S14/R14*100 -> 71.70219 | Y14: =M14+6 -> 416
A15: 7 | B15: Xã Phú Tân | C15: 24726 | D15: 23743 | E15: =D15/C15*100 -> 96.024428 | F15: 541 | G15: 540 | H15: =G15-'Thang 3'!N16 -> -2 | I15: =G15-'Thang 12'!Q16 -> 79 | J15: =F15-G15 -> 1 | K15: =G15/F15*100 -> 99.815157 | L15: 439.04 | M15: 430 | N15: =M15-'Thang 3'!W16 -> 16 | O15: =M15-'Thang 12'!Y16 -> 47 | P15: =L15-M15 -> 9.04 | Q15: =M15/L15*100 -> 97.940962 | R15: 1071.8721 | S15: 910 | T15: =S15-'Thang 3'!AF16 -> 46 | U15: =S15-'Thang 12'!AG16 -> -130 | V15: =R15-S15 -> 161.8721 | W15: =S15/R15*100 -> 84.898189 | Y15: =M15+6 -> 436
A16: Tổng cộng | C16: =SUM(C9:C15) -> 228291 | D16: =SUM(D9:D15) -> 227308 | E16: =D16/C16*100 -> 99.569409 | F16: =SUM(F9:F15) -> 6580.9 | G16: =SUM(G9:G15) -> 5917 | H16: =G16-'Thang 3'!N17 -> 51 | I16: =G16-'Thang 12'!Q17 -> 205 | J16: =SUM(J9:J15) -> 663.9 | K16: =G16/F16*100 -> 89.911714 | L16: =SUM(L9:L15) -> 5516.07 | M16: =SUM(M9:M15) -> 4871 | N16: =M16-'Thang 3'!W17 -> 45 | O16: =M16-'Thang 12'!Y17 -> 100 | P16: =SUM(P9:P15) -> 645.07 | Q16: =M16/L16*100 -> 88.305623 | R16: =SUM(R9:R15) -> 9851.4149 | S16: =SUM(S9:S15) -> 7172 | T16: =S16-'Thang 3'!AF17 -> -21 | U16: =S16-'Thang 12'!AG17 -> -382 | V16: =SUM(V9:V15) -> 2679.4149 | W16: =S16/R16*100 -> 72.801726
B18: *Ghi chú: - Dân số do Cục Thống kê cung cấp.
B20: NGƯỜI LẬP BIỂU
B25: Tô Khánh Duy

Sheet Thang 5
A1: BẢO HIỂM XÃ HỘI TỈNH CÀ MAU
A2: BẢO HIỂM XÃ HỘI CƠ SỞ CÁI NƯỚC
A5: BẢNG TỔNG HỢP SỐ NGƯỜI THAM GIA BHXH, BHTN, BHYT ĐẾN 31/5/2026
X6: Đơn vị tính: Người.
A7: STT | B7: Đơn vị | C7: Tỷ lệ bao phủ BHYT | F7: Bảo hiểm xã hội bắt buộc | L7: Bảo hiểm thất nghiệp | R7: Bảo hiểm xã hội tự nguyện | X7: Ghi chú
C8: Dân số theo Thống kê tỉnh Cà Mau | D8: Tháng 5/2026 | E8: Tỷ lệ đạt (%) | F8: Kế hoạch | G8: Tháng 5/2026 | H8: So với tháng trước | I8: So với cuối năm 2025 | J8: Số còn phải thực hiện | K8: Tỷ lệ đạt (%) | L8: Kế hoạch | M8: Tháng 5/2026 | N8: So với tháng trước | O8: So với cuối năm 2025 | P8: Số còn phải thực hiện | Q8: Tỷ lệ đạt (%) | R8: Kế hoạch | S8: Tháng 5/2026 | T8: So với tháng trước | U8: So với cuối năm 2025 | V8: Số còn phải thực hiện | W8: Tỷ lệ đạt (%)
A9: 1 | B9: Xã Cái Nước | C9: 39379 | D9: 39379 | E9: =D9/C9*100 -> 100 | F9: 1625 | G9: 1607 | H9: =G9-'Thang 4'!G9 -> 42 | I9: =G9-'Thang 12'!Q10 -> -45 | J9: =F9-G9 -> 18 | K9: =G9/F9*100 -> 98.892308 | L9: 1420.25 | M9: 1416 | N9: =M9-'Thang 4'!M9 -> 42 | O9: =M9-'Thang 12'!Y10 -> -29 | P9: =L9-M9 -> 4.25 | Q9: =M9/L9*100 -> 99.700757 | R9: 1862.0797 | S9: 1592 | T9: =S9-'Thang 4'!S9 -> -25 | U9: =S9-'Thang 12'!AG10 -> -78 | V9: =R9-S9 -> 270.07965 | W9: =S9/R9*100 -> 85.495806
A10: 2 | B10: Xã Hưng Mỹ | C10: 29921 | D10: 29921 | E10: =D10/C10*100 -> 100 | F10: 815 | G10: 541 | H10: =G10-'Thang 4'!G10 -> 16 | I10: =G10-'Thang 12'!Q11 -> 54 | J10: =F10-G10 -> 274 | K10: =G10/F10*100 -> 66.380368 | L10: 661.1 | M10: 412 | N10: =M10-'Thang 4'!M10 -> 21 | O10: =M10-'Thang 12'!Y11 -> 62 | P10: =L10-M10 -> 249.1 | Q10: =M10/L10*100 -> 62.320375 | R10: 1297.0754 | S10: 609 | T10: =S10-'Thang 4'!S10 -> 22 | U10: =S10-'Thang 12'!AG11 -> 19 | V10: =R10-S10 -> 688.07535 | W10: =S10/R10*100 -> 46.951783
A11: 3 | B11: Xã Tân Hưng | C11: 25763 | D11: 25763 | E11: =D11/C11*100 -> 100 | F11: 652.3 | G11: 569 | H11: =G11-'Thang 4'!G11 -> -1 | I11: =G11-'Thang 12'!Q12 -> 30 | J11: =F11-G11 -> 83.3 | K11: =G11/F11*100 -> 87.229802 | L11: 565.4 | M11: 448 | N11: =M11-'Thang 4'!M11 -> 7 | O11: =M11-'Thang 12'!Y12 -> 51 | P11: =L11-M11 -> 117.4 | Q11: =M11/L11*100 -> 79.235939 | R11: 1116.8261 | S11: 768 | T11: =S11-'Thang 4'!S11 -> 11 | U11: =S11-'Thang 12'!AG12 -> -48 | V11: =R11-S11 -> 348.82605 | W11: =S11/R11*100 -> 68.766304
A12: 4 | B12: Xã Lương Thế Trân | C12: 51742 | D12: 51742 | E12: =D12/C12*100 -> 100 | F12: 1151 | G12: 1179 | H12: =G12-'Thang 4'!G12 -> 29 | I12: =G12-'Thang 12'!Q13 -> 78 | J12: =F12-G12 -> -28 | K12: =G12/F12*100 -> 102.43267 | L12: 978 | M12: 998 | N12: =M12-'Thang 4'!M12 -> 36 | O12: =M12-'Thang 12'!Y13 -> 88 | P12: =L12-M12 -> -20 | Q12: =M12/L12*100 -> 102.04499 | R12: 2043.0157 | S12: 1550 | T12: =S12-'Thang 4'!S12 -> 71 | U12: =S12-'Thang 12'!AG13 -> 99 | V12: =R12-S12 -> 493.0157 | W12: =S12/R12*100 -> 75.868237
A13: 5 | B13: Xã Cái Đôi Vàm | C13: 27773 | D13: 27773 | E13: =D13/C13*100 -> 100 | F13: 1205.6 | G13: 1015 | H13: =G13-'Thang 4'!G13 -> -1 | I13: =G13-'Thang 12'!Q14 -> 7 | J13: =F13-G13 -> 190.6 | K13: =G13/F13*100 -> 84.190445 | L13: 1005.4 | M13: 865 | N13: =M13-'Thang 4'!M13 -> 2 | O13: =M13-'Thang 12'!Y14 -> -49 | P13: =L13-M13 -> 140.4 | Q13: =M13/L13*100 -> 86.035409 | R13: 1203.9596 | S13: 952 | T13: =S13-'Thang 4'!S13 -> 31 | U13: =S13-'Thang 12'!AG14 -> -55 | V13: =R13-S13 -> 251.95955 | W13: =S13/R13*100 -> 79.072424
A14: 6 | B14: Xã Nguyễn Việt Khái | C14: 28987 | D14: 28987 | E14: =D14/C14*100 -> 100 | F14: 591 | G14: 548 | H14: =G14-'Thang 4'!G14 -> -3 | I14: =G14-'Thang 12'!Q15 -> 84 | J14: =F14-G14 -> 43 | K14: =G14/F14*100 -> 92.724196 | L14: 446.88 | M14: 407 | N14: =M14-'Thang 4'!M14 -> -3 | O14: =M14-'Thang 12'!Y15 -> 35 | P14: =L14-M14 -> 39.88 | Q14: =M14/L14*100 -> 91.075904 | R14: 1256.5865 | S14: 934 | T14: =S14-'Thang 4'!S14 -> 33 | U14: =S14-'Thang 12'!AG15 -> -46 | V14: =R14-S14 -> 322.58645 | W14: =S14/R14*100 -> 74.328352
A15: 7 | B15: Xã Phú Tân | C15: 24726 | D15: 24221 | E15: 98.38 | F15: 541 | G15: 546 | H15: =G15-'Thang 4'!G15 -> 6 | I15: =G15-'Thang 12'!Q16 -> 85 | J15: =F15-G15 -> -5 | K15: =G15/F15*100 -> 100.92421 | L15: 439.04 | M15: 434 | N15: =M15-'Thang 4'!M15 -> 4 | O15: =M15-'Thang 12'!Y16 -> 51 | P15: =L15-M15 -> 5.04 | Q15: =M15/L15*100 -> 98.852041 | R15: 1071.8721 | S15: 1039 | T15: =S15-'Thang 4'!S15 -> 129 | U15: =S15-'Thang 12'!AG16 -> -1 | V15: =R15-S15 -> 32.8721 | W15: =S15/R15*100 -> 96.933207
A16: Tổng cộng | C16: =SUM(C9:C15) -> 228291 | D16: =SUM(D9:D15) -> 227786 | E16: =D16/C16*100 -> 99.778791 | F16: =SUM(F9:F15) -> 6580.9 | G16: =SUM(G9:G15) -> 6005 | H16: =G16-'Thang 4'!G16 -> 88 | I16: =G16-'Thang 12'!Q17 -> 293 | J16: =SUM(J9:J15) -> 575.9 | K16: =G16/F16*100 -> 91.248917 | L16: =SUM(L9:L15) -> 5516.07 | M16: =SUM(M9:M15) -> 4980 | N16: =M16-'Thang 4'!M16 -> 109 | O16: =M16-'Thang 12'!Y17 -> 209 | P16: =SUM(P9:P15) -> 536.07 | Q16: =M16/L16*100 -> 90.281668 | R16: =SUM(R9:R15) -> 9851.4149 | S16: =SUM(S9:S15) -> 7444 | T16: =S16-'Thang 4'!S16 -> 272 | U16: =S16-'Thang 12'!AG17 -> -110 | V16: =SUM(V9:V15) -> 2407.4149 | W16: =S16/R16*100 -> 75.56275
B18: *Ghi chú: - Dân số do Cục Thống kê cung cấp.
B20: NGƯỜI LẬP BIỂU
B25: Tô Khánh Duy

Sheet Thang 6
A1: BẢO HIỂM XÃ HỘI TỈNH CÀ MAU
A2: BẢO HIỂM XÃ HỘI CƠ SỞ CÁI NƯỚC
A5: BẢNG TỔNG HỢP SỐ NGƯỜI THAM GIA BHXH, BHTN, BHYT ĐẾN 30/6/2026
X6: Đơn vị tính: Người.
A7: STT | B7: Đơn vị | C7: Tỷ lệ bao phủ BHYT | F7: Bảo hiểm xã hội bắt buộc | L7: Bảo hiểm thất nghiệp | R7: Bảo hiểm xã hội tự nguyện | X7: Ghi chú
C8: Dân số theo Thống kê tỉnh Cà Mau | D8: Tháng 6/2026 | E8: Tỷ lệ đạt (%) | F8: Kế hoạch | G8: Tháng 6/2026 | H8: So với tháng trước | I8: So với cuối năm 2025 | J8: Số còn phải thực hiện | K8: Tỷ lệ đạt (%) | L8: Kế hoạch | M8: Tháng 6/2026 | N8: So với tháng trước | O8: So với cuối năm 2025 | P8: Số còn phải thực hiện | Q8: Tỷ lệ đạt (%) | R8: Kế hoạch | S8: Tháng 6/2026 | T8: So với tháng trước | U8: So với cuối năm 2025 | V8: Số còn phải thực hiện | W8: Tỷ lệ đạt (%)
A9: 1 | B9: Xã Cái Nước | C9: 39379 | D9: 39379 | E9: =D9/C9*100 -> 100 | F9: 1625 | G9: 1575 | H9: =G9-'Thang 5'!G9 -> -32 | I9: =G9-'Thang 12'!Q10 -> -77 | J9: =F9-G9 -> 50 | K9: =G9/F9*100 -> 96.923077 | L9: 1420.25 | M9: 1393 | N9: =M9-'Thang 5'!M9 -> -23 | O9: =M9-'Thang 12'!Y10 -> -52 | P9: =L9-M9 -> 27.25 | Q9: =M9/L9*100 -> 98.081324 | R9: 1862.0797 | S9: 1606 | T9: =S9-'Thang 5'!S9 -> 14 | U9: =S9-'Thang 12'!AG10 -> -64 | V9: =R9-S9 -> 256.07965 | W9: =S9/R9*100 -> 86.247653
A10: 2 | B10: Xã Hưng Mỹ | C10: 29921 | D10: 29921 | E10: =D10/C10*100 -> 100 | F10: 815 | G10: 509 | H10: =G10-'Thang 5'!G10 -> -32 | I10: =G10-'Thang 12'!Q11 -> 22 | J10: =F10-G10 -> 306 | K10: =G10/F10*100 -> 62.453988 | L10: 661.1 | M10: 390 | N10: =M10-'Thang 5'!M10 -> -22 | O10: =M10-'Thang 12'!Y11 -> 40 | P10: =L10-M10 -> 271.1 | Q10: =M10/L10*100 -> 58.992588 | R10: 1297.0754 | S10: 614 | T10: =S10-'Thang 5'!S10 -> 5 | U10: =S10-'Thang 12'!AG11 -> 24 | V10: =R10-S10 -> 683.07535 | W10: =S10/R10*100 -> 47.337265
A11: 3 | B11: Xã Tân Hưng | C11: 25763 | D11: 25763 | E11: =D11/C11*100 -> 100 | F11: 652.3 | G11: 548 | H11: =G11-'Thang 5'!G11 -> -21 | I11: =G11-'Thang 12'!Q12 -> 9 | J11: =F11-G11 -> 104.3 | K11: =G11/F11*100 -> 84.010425 | L11: 565.4 | M11: 434 | N11: =M11-'Thang 5'!M11 -> -14 | O11: =M11-'Thang 12'!Y12 -> 37 | P11: =L11-M11 -> 131.4 | Q11: =M11/L11*100 -> 76.759816 | R11: 1116.8261 | S11: 777 | T11: =S11-'Thang 5'!S11 -> 9 | U11: =S11-'Thang 12'!AG12 -> -39 | V11: =R11-S11 -> 339.82605 | W11: =S11/R11*100 -> 69.572159
A12: 4 | B12: Xã Lương Thế Trân | C12: 51742 | D12: 51742 | E12: =D12/C12*100 -> 100 | F12: 1151 | G12: 1150 | H12: =G12-'Thang 5'!G12 -> -29 | I12: =G12-'Thang 12'!Q13 -> 49 | J12: =F12-G12 -> 1 | K12: =G12/F12*100 -> 99.913119 | L12: 978 | M12: 993 | N12: =M12-'Thang 5'!M12 -> -5 | O12: =M12-'Thang 12'!Y13 -> 83 | P12: =L12-M12 -> -15 | Q12: =M12/L12*100 -> 101.53374 | R12: 2043.0157 | S12: 1569 | T12: =S12-'Thang 5'!S12 -> 19 | U12: =S12-'Thang 12'!AG13 -> 118 | V12: =R12-S12 -> 474.0157 | W12: =S12/R12*100 -> 76.798235
A13: 5 | B13: Xã Cái Đôi Vàm | C13: 27773 | D13: 27773 | E13: =D13/C13*100 -> 100 | F13: 1205.6 | G13: 1008 | H13: =G13-'Thang 5'!G13 -> -7 | I13: =G13-'Thang 12'!Q14 -> 0 | J13: =F13-G13 -> 197.6 | K13: =G13/F13*100 -> 83.609821 | L13: 1005.4 | M13: 864 | N13: =M13-'Thang 5'!M13 -> -1 | O13: =M13-'Thang 12'!Y14 -> -50 | P13: =L13-M13 -> 141.4 | Q13: =M13/L13*100 -> 85.935946 | R13: 1203.9596 | S13: 963 | T13: =S13-'Thang 5'!S13 -> 11 | U13: =S13-'Thang 12'!AG14 -> -44 | V13: =R13-S13 -> 240.95955 | W13: =S13/R13*100 -> 79.986076
A14: 6 | B14: Xã Nguyễn Việt Khái | C14: 28987 | D14: 28987 | E14: =D14/C14*100 -> 100 | F14: 591 | G14: 539 | H14: =G14-'Thang 5'!G14 -> -9 | I14: =G14-'Thang 12'!Q15 -> 75 | J14: =F14-G14 -> 52 | K14: =G14/F14*100 -> 91.201354 | L14: 446.88 | M14: 417 | N14: =M14-'Thang 5'!M14 -> 10 | O14: =M14-'Thang 12'!Y15 -> 45 | P14: =L14-M14 -> 29.88 | Q14: =M14/L14*100 -> 93.313641 | R14: 1256.5865 | S14: 945 | T14: =S14-'Thang 5'!S14 -> 11 | U14: =S14-'Thang 12'!AG15 -> -35 | V14: =R14-S14 -> 311.58645 | W14: =S14/R14*100 -> 75.203739
A15: 7 | B15: Xã Phú Tân | C15: 24726 | D15: 24726 | E15: =D15/C15*100 -> 100 | F15: 541 | G15: 547 | H15: =G15-'Thang 5'!G15 -> 1 | I15: =G15-'Thang 12'!Q16 -> 86 | J15: =F15-G15 -> -6 | K15: =G15/F15*100 -> 101.10906 | L15: 439.04 | M15: 441 | N15: =M15-'Thang 5'!M15 -> 7 | O15: =M15-'Thang 12'!Y16 -> 58 | P15: =L15-M15 -> -1.96 | Q15: =M15/L15*100 -> 100.44643 | R15: 1071.8721 | S15: 1100 | T15: =S15-'Thang 5'!S15 -> 61 | U15: =S15-'Thang 12'!AG16 -> 60 | V15: =R15-S15 -> -28.1279 | W15: =S15/R15*100 -> 102.62418
A16: Tổng cộng | C16: =SUM(C9:C15) -> 228291 | D16: =SUM(D9:D15) -> 228291 | E16: =D16/C16*100 -> 100 | F16: =SUM(F9:F15) -> 6580.9 | G16: =SUM(G9:G15) -> 5876 | H16: =SUM(H9:H15) -> -129 | I16: =G16-'Thang 12'!Q17 -> 164 | J16: =SUM(J9:J15) -> 704.9 | K16: =G16/F16*100 -> 89.288699 | L16: =SUM(L9:L15) -> 5516.07 | M16: =SUM(M9:M15) -> 4932 | N16: =SUM(N9:N15) -> -48 | O16: =M16-'Thang 12'!Y17 -> 161 | P16: =SUM(P9:P15) -> 584.07 | Q16: =M16/L16*100 -> 89.411483 | R16: =SUM(R9:R15) -> 9851.4149 | S16: =SUM(S9:S15) -> 7574 | T16: =SUM(T9:T15) -> 130 | U16: =S16-'Thang 12'!AG17 -> 20 | V16: =SUM(V9:V15) -> 2277.4149 | W16: =S16/R16*100 -> 76.882358
B18: *Ghi chú: - Dân số do Cục Thống kê cung cấp. | M18: =4932-M16 -> 0
B20: NGƯỜI LẬP BIỂU
B25: Tô Khánh Duy

Sheet Thang 7
A1: BẢO HIỂM XÃ HỘI TỈNH CÀ MAU
A2: BẢO HIỂM XÃ HỘI CƠ SỞ CÁI NƯỚC
A5: BẢNG TỔNG HỢP SỐ NGƯỜI THAM GIA BHXH, BHTN, BHYT ĐẾN 31/7/2026
X6: Đơn vị tính: Người.
A7: STT | B7: Đơn vị | C7: Tỷ lệ bao phủ BHYT | F7: Bảo hiểm xã hội bắt buộc | L7: Bảo hiểm thất nghiệp | R7: Bảo hiểm xã hội tự nguyện | X7: Ghi chú | Y7: Bảo hiểm xã hội cơ sở Cái Nước | Z7: Số thu | AG7: Số thu cuối 2025 | AH7: Số tiền chậm đóng trốn đóng
C8: Dân số theo Thống kê tỉnh Cà Mau | D8: Tháng 7/2026 | E8: Tỷ lệ đạt (%) | F8: Kế hoạch | G8: Tháng 7/2026 | H8: So với tháng trước | I8: So với cuối năm 2025 | J8: Số còn phải thực hiện | K8: Tỷ lệ đạt (%) | L8: Kế hoạch | M8: Tháng 7/2026 | N8: So với tháng trước | O8: So với cuối năm 2025 | P8: Số còn phải thực hiện | Q8: Tỷ lệ đạt (%) | R8: Kế hoạch | S8: Tháng 7/2026 | T8: So với tháng trước | U8: So với cuối năm 2025 | V8: Số còn phải thực hiện | W8: Tỷ lệ đạt (%) | Z8: Số KH | AA8: Lũy kế | AB8: Lũy kế đến trước tháng báo cáo | AC8: Trong tháng | AD8: So với cuối năm 2025 | AE8: % KH | AF8: Còn TH | AH8: Tổng | AI8: Nợ không tính lãi | AJ8: Nợ tính lãi | AK8: Nợ lãi | AL8: NSNN | AM8: Số tiền chậm đóng, trốn đóng | AN8: % KH | AO8: Số KH | AP8: +/- KH
A9: 1 | B9: Xã Cái Nước | C9: 39379 | D9: 39379 | E9: =D9/C9*100 -> 100 | F9: 1625 | G9: 1528 | H9: =G9-'Thang 6'!G9 -> -47 | I9: =G9-'Thang 12'!Q10 -> -124 | J9: =F9-G9 -> 97 | K9: =G9/F9*100 -> 94.030769 | L9: 1420 | M9: 1392 | N9: =M9-'Thang 6'!M9 -> -1 | O9: =M9-'Thang 12'!Y10 -> -53 | P9: =L9-M9 -> 28 | Q9: =M9/L9*100 -> 98.028169 | R9: 1862 | S9: 1624 | T9: =S9-'Thang 6'!S9 -> 18 | U9: =S9-'Thang 12'!AG10 -> -46 | V9: =R9-S9 -> 238 | W9: =S9/R9*100 -> 87.218045 | Y9: Tổng số thu | Z9: =Z10+Z11+Z12+Z13 -> 466144 | AA9: 249318 | AB9: 228211 | AC9: =AA9-AB9 -> 21107 | AD9: =AA9-AG9 -> -273397 | AE9: =AA9/Z9*100 -> 53.485189 | AF9: =Z9-AA9 -> 216826 | AG9: 522715 | AH9: =SUM(AI9:AL9) -> 48041 | AI9: 2881 | AJ9: 1394 | AK9: 190 | AL9: 43576 | AM9: =SUM(AJ9:AK9) -> 1584 | AN9: =AM9/Z9*100 -> 0.33980916 | AO9: 1.26 | AP9: =AO9-AN9 -> 0.92019084
A10: 2 | B10: Xã Hưng Mỹ | C10: 29921 | D10: 29921 | E10: =D10/C10*100 -> 100 | F10: 815 | G10: 496 | H10: =G10-'Thang 6'!G10 -> -13 | I10: =G10-'Thang 12'!Q11 -> 9 | J10: =F10-G10 -> 319 | K10: =G10/F10*100 -> 60.858896 | L10: 661 | M10: 390 | N10: =M10-'Thang 6'!M10 -> 0 | O10: =M10-'Thang 12'!Y11 -> 40 | P10: =L10-M10 -> 271 | Q10: =M10/L10*100 -> 59.001513 | R10: 1297 | S10: 720 | T10: =S10-'Thang 6'!S10 -> 106 | U10: =S10-'Thang 12'!AG11 -> 130 | V10: =R10-S10 -> 577 | W10: =S10/R10*100 -> 55.512722 | Y10: Thu BHXH | Z10: 173399 | AA10: 94017 | AB10: 79425 | AC10: =AA10-AB10 -> 14592 | AD10: =AA10-AG10 -> -97632 | AE10: =AA10/Z10*100 -> 54.220036 | AF10: =Z10-AA10 -> 79382 | AG10: 191649
A11: 3 | B11: Xã Tân Hưng | C11: 25763 | D11: 25763 | E11: =D11/C11*100 -> 100 | F11: 652 | G11: 519 | H11: =G11-'Thang 6'!G11 -> -29 | I11: =G11-'Thang 12'!Q12 -> -20 | J11: =F11-G11 -> 133 | K11: =G11/F11*100 -> 79.601227 | L11: 565 | M11: 434 | N11: =M11-'Thang 6'!M11 -> 0 | O11: =M11-'Thang 12'!Y12 -> 37 | P11: =L11-M11 -> 131 | Q11: =M11/L11*100 -> 76.814159 | R11: 1117 | S11: 770 | T11: =S11-'Thang 6'!S11 -> -7 | U11: =S11-'Thang 12'!AG12 -> -46 | V11: =R11-S11 -> 347 | W11: =S11/R11*100 -> 68.934646 | Y11: BHXH TN | Z11: 37255 | AA11: 19221 | AB11: 15595 | AC11: =AA11-AB11 -> 3626 | AD11: =AA11-AG11 -> -16054 | AE11: =AA11/Z11*100 -> 51.593075 | AF11: =Z11-AA11 -> 18034 | AG11: 35275
A12: 4 | B12: Xã Lương Thế Trân | C12: 51742 | D12: 51742 | E12: =D12/C12*100 -> 100 | F12: 1151 | G12: 1096 | H12: =G12-'Thang 6'!G12 -> -54 | I12: =G12-'Thang 12'!Q13 -> -5 | J12: =F12-G12 -> 55 | K12: =G12/F12*100 -> 95.221546 | L12: 978 | M12: 991 | N12: =M12-'Thang 6'!M12 -> -2 | O12: =M12-'Thang 12'!Y13 -> 81 | P12: =L12-M12 -> -13 | Q12: =M12/L12*100 -> 101.32924 | R12: 2043 | S12: 1626 | T12: =S12-'Thang 6'!S12 -> 57 | U12: =S12-'Thang 12'!AG13 -> 175 | V12: =R12-S12 -> 417 | W12: =S12/R12*100 -> 79.58884 | Y12: Thu BHTN | Z12: 10639 | AA12: 6448 | AB12: 5407 | AC12: =AA12-AB12 -> 1041 | AD12: =AA12-AG12 -> -6661 | AE12: =AA12/Z12*100 -> 60.6072 | AF12: =Z12-AA12 -> 4191 | AG12: 13109
A13: 5 | B13: Xã Cái Đôi Vàm | C13: 27773 | D13: 27773 | E13: =D13/C13*100 -> 100 | F13: 1206 | G13: 979 | H13: =G13-'Thang 6'!G13 -> -29 | I13: =G13-'Thang 12'!Q14 -> -29 | J13: =F13-G13 -> 227 | K13: =G13/F13*100 -> 81.177446 | L13: 1005 | M13: 864 | N13: =M13-'Thang 6'!M13 -> 0 | O13: =M13-'Thang 12'!Y14 -> -50 | P13: =L13-M13 -> 141 | Q13: =M13/L13*100 -> 85.970149 | R13: 1204 | S13: 972 | T13: =S13-'Thang 6'!S13 -> 9 | U13: =S13-'Thang 12'!AG14 -> -35 | V13: =R13-S13 -> 232 | W13: =S13/R13*100 -> 80.730897 | Y13: Thu BHYT | Z13: 244851 | AA13: 129490 | AB13: 127670 | AC13: =AA13-AB13 -> 1820 | AD13: =AA13-AG13 -> -153011 | AE13: =AA13/Z13*100 -> 52.885224 | AF13: =Z13-AA13 -> 115361 | AG13: 282501
A14: 6 | B14: Xã Nguyễn Việt Khái | C14: 28987 | D14: 28987 | E14: =D14/C14*100 -> 100 | F14: 591 | G14: 524 | H14: =G14-'Thang 6'!G14 -> -15 | I14: =G14-'Thang 12'!Q15 -> 60 | J14: =F14-G14 -> 67 | K14: =G14/F14*100 -> 88.663283 | L14: 447 | M14: 417 | N14: =M14-'Thang 6'!M14 -> 0 | O14: =M14-'Thang 12'!Y15 -> 45 | P14: =L14-M14 -> 30 | Q14: =M14/L14*100 -> 93.288591 | R14: 1257 | S14: 1010 | T14: =S14-'Thang 6'!S14 -> 65 | U14: =S14-'Thang 12'!AG15 -> 30 | V14: =R14-S14 -> 247 | W14: =S14/R14*100 -> 80.35004 | Y14: Thu lãi chậm đóng | AA14: 142 | AB14: 114 | AC14: =AA14-AB14 -> 28 | AD14: =AA14-AG14 -> -39 | AG14: 181
A15: 7 | B15: Xã Phú Tân | C15: 24726 | D15: 24726 | E15: =D15/C15*100 -> 100 | F15: 541 | G15: 536 | H15: =G15-'Thang 6'!G15 -> -11 | I15: =G15-'Thang 12'!Q16 -> 75 | J15: =F15-G15 -> 5 | K15: =G15/F15*100 -> 99.075786 | L15: 439 | M15: 441 | N15: =M15-'Thang 6'!M15 -> 0 | O15: =M15-'Thang 12'!Y16 -> 58 | P15: =L15-M15 -> -2 | Q15: =M15/L15*100 -> 100.45558 | R15: 1072 | S15: 1068 | T15: =S15-'Thang 6'!S15 -> -32 | U15: =S15-'Thang 12'!AG16 -> 28 | V15: =R15-S15 -> 4 | W15: =S15/R15*100 -> 99.626866
A16: Tổng cộng | C16: =SUM(C9:C15) -> 228291 | D16: =SUM(D9:D15) -> 228291 | E16: =D16/C16*100 -> 100 | F16: =SUM(F9:F15) -> 6581 | G16: =SUM(G9:G15) -> 5678 | H16: =SUM(H9:H15) -> -198 | I16: =G16-'Thang 12'!Q17 -> -34 | J16: =SUM(J9:J15) -> 903 | K16: =G16/F16*100 -> 86.278681 | L16: =SUM(L9:L15) -> 5515 | M16: =SUM(M9:M15) -> 4929 | N16: =SUM(N9:N15) -> -3 | O16: =M16-'Thang 12'!Y17 -> 158 | P16: =SUM(P9:P15) -> 586 | Q16: =M16/L16*100 -> 89.374433 | R16: =SUM(R9:R15) -> 9852 | S16: =SUM(S9:S15) -> 7790 | T16: =SUM(T9:T15) -> 216 | U16: =S16-'Thang 12'!AG17 -> 236 | V16: =SUM(V9:V15) -> 2062 | W16: =S16/R16*100 -> 79.07024
B18: *Ghi chú: - Dân số do Cục Thống kê cung cấp.
B20: NGƯỜI LẬP BIỂU
B25: Tô Khánh Duy
